{
   "total energy":         -10.30845204,
   "HOMO-LUMO gap / eV":           8.45365434,
   "electronic energy":         -10.43080288,
   "dipole / a.u.": [     0.00006896,     0.00057731,     0.00041544],
   "partial charges": [
        0.46434157,
       -0.23222708,
       -0.23211449],
   "atomic dipole moments": [
   [    -0.00006449,     0.00021360,     0.00022357],
   [     0.08700585,     0.06308549,    -0.01628519],
   [    -0.08699103,    -0.06311990,     0.01624573]],
   "atomic quadrupole moments": [
   [    -0.37012500,    -0.55971057,    -0.00443852,     0.14427209,     0.10464493,     0.37456352],
   [    -0.10357109,    -0.15677234,    -0.00134403,     0.04030819,     0.02925455,     0.10491512],
   [    -0.10373358,    -0.15671791,    -0.00114191,     0.04049770,     0.02935644,     0.10487549]],
   "number of molecular orbitals": 12,
   "number of electrons": 16,
   "number of unpaired electrons": 0,
   "orbital energies / eV": [
      -22.06449559,
      -21.67960058,
      -18.09046253,
      -18.05536725,
      -18.05536547,
      -16.32171738,
      -14.54297119,
      -14.54297084,
       -6.08931650,
       -6.08931383,
        8.45206374,
       37.16569079],
   "fractional occupation": [
        2.00000000,
        2.00000000,
        2.00000000,
        2.00000000,
        2.00000000,
        2.00000000,
        2.00000000,
        2.00000000,
        0.00000000,
        0.00000000,
        0.00000000,
        0.00000000],
   "program call": "xtb gas --opt",
   "method": "GFN2-xTB",
   "xtb version": "6.7.1 (edcfbbe)"
}
