{
   "total energy":         -10.30845204,
   "HOMO-LUMO gap / eV":           8.45364769,
   "electronic energy":         -10.43080288,
   "dipole / a.u.": [     0.00006896,     0.00057731,     0.00041544],
   "partial charges": [
        0.46434193,
       -0.23222725,
       -0.23211467],
   "atomic dipole moments": [
   [    -0.00006448,     0.00021356,     0.00022353],
   [     0.08700576,     0.06308546,    -0.01628515],
   [    -0.08699098,    -0.06311983,     0.01624574]],
   "atomic quadrupole moments": [
   [    -0.37012485,    -0.55971034,    -0.00443852,     0.14427203,     0.10464489,     0.37456337],
   [    -0.10357113,    -0.15677240,    -0.00134403,     0.04030821,     0.02925456,     0.10491516],
   [    -0.10373361,    -0.15671796,    -0.00114192,     0.04049770,     0.02935645,     0.10487552]],
   "number of molecular orbitals": 12,
   "number of electrons": 16,
   "number of unpaired electrons": 0,
   "orbital energies / eV": [
      -22.06449998,
      -21.67960438,
      -18.09046139,
      -18.05537169,
      -18.05536991,
      -16.32171654,
      -14.54296984,
      -14.54296949,
       -6.08932180,
       -6.08931913,
        8.45206052,
       37.16568509],
   "fractional occupation": [
        2.00000000,
        2.00000000,
        2.00000000,
        2.00000000,
        2.00000000,
        2.00000000,
        2.00000000,
        2.00000000,
        0.00000000,
        0.00000000,
        0.00000000,
        0.00000000],
   "program call": "/home/olli/anaconda3/bin/xtb gas",
   "method": "GFN2-xTB",
   "xtb version": "6.7.1 (edcfbbe)"
}
