{
   "total energy":          -4.42624402,
   "HOMO-LUMO gap / eV":          12.23496927,
   "electronic energy":          -4.48243485,
   "dipole / a.u.": [     0.15573478,    -0.63775497,     0.24674303],
   "partial charges": [
       -0.42836429,
        0.14278856,
        0.14278815,
        0.14278759],
   "atomic dipole moments": [
   [     0.05596749,    -0.22920226,     0.08867689],
   [    -0.07612087,    -0.08098372,    -0.01681890],
   [     0.01707027,    -0.00887235,     0.11074978],
   [     0.09290860,    -0.04878988,    -0.04028982]],
   "atomic quadrupole moments": [
   [     0.02417023,     0.01718352,    -0.04200399,    -0.00664930,     0.02722594,     0.01783376],
   [     0.05781206,     0.08803903,    -0.01334022,     0.03149398,     0.03418609,    -0.04447183],
   [    -0.05020815,     0.00807962,    -0.07240679,     0.01858796,     0.02916562,     0.12261494],
   [     0.07699770,    -0.03597127,    -0.06127547,    -0.07335309,     0.03194476,    -0.01572224]],
   "number of molecular orbitals": 7,
   "number of electrons": 8,
   "number of unpaired electrons": 0,
   "orbital energies / eV": [
      -16.18623464,
      -13.63482838,
      -13.63480923,
      -10.50250899,
        1.73246028,
        5.85448959,
        5.85464784],
   "fractional occupation": [
        2.00000000,
        2.00000000,
        2.00000000,
        2.00000000,
        0.00000000,
        0.00000000,
        0.00000000],
   "program call": "/home/olli/anaconda3/bin/xtb gas",
   "method": "GFN2-xTB",
   "xtb version": "6.7.1 (edcfbbe)"
}
