{
   "total energy":          -5.07054443,
   "HOMO-LUMO gap/eV":          14.39429955,
   "electronic energy":          -5.10494741,
   "dipole": [    -0.62510937,     0.58383305,     0.17060768],
   "partial charges": [
       -0.56473683,
        0.28236839,
        0.28236844],
   "atomic dipole moments": [
   [    -0.12504579,     0.11678927,     0.03412842],
   [    -0.06364148,     0.01024239,    -0.03679088],
   [    -0.00125153,     0.05036556,     0.05450163]],
   "atomic quadrupole moments": [
   [     0.01489939,    -0.03630747,    -0.00491703,     0.01747873,     0.03450063,    -0.00998236],
   [     0.09752995,    -0.02813374,    -0.08307266,     0.11738085,    -0.00383181,    -0.01445729],
   [    -0.07992881,    -0.00232550,     0.02351622,     0.01176335,     0.13300305,     0.05641259]],
   "number of molecular orbitals": 6,
   "number of electrons": 8,
   "number of unpaired electrons": 0,
   "orbital energies/eV": [
      -18.50638616,
      -15.46474732,
      -13.90138759,
      -12.14687589,
        2.24742366,
        6.84980508],
   "fractional occupation": [
        2.00000000,
        2.00000000,
        2.00000000,
        2.00000000,
        0.00000000,
        0.00000000],
   "program call": "xtb gas",
   "method": "GFN2-xTB",
   "xtb version": "6.5.1 (fef0646)"
}
