{
   "total energy":          -5.07054443,
   "HOMO-LUMO gap / eV":          14.39430671,
   "electronic energy":          -5.10494741,
   "dipole / a.u.": [    -0.62510937,     0.58383305,     0.17060768],
   "partial charges": [
       -0.56473683,
        0.28236839,
        0.28236844],
   "atomic dipole moments": [
   [    -0.12504578,     0.11678926,     0.03412842],
   [    -0.06364148,     0.01024239,    -0.03679088],
   [    -0.00125153,     0.05036556,     0.05450163]],
   "atomic quadrupole moments": [
   [     0.01489939,    -0.03630747,    -0.00491703,     0.01747874,     0.03450064,    -0.00998236],
   [     0.09752995,    -0.02813374,    -0.08307266,     0.11738085,    -0.00383181,    -0.01445730],
   [    -0.07992881,    -0.00232550,     0.02351622,     0.01176335,     0.13300305,     0.05641259]],
   "number of molecular orbitals": 6,
   "number of electrons": 8,
   "number of unpaired electrons": 0,
   "orbital energies / eV": [
      -18.50638913,
      -15.46475106,
      -13.90139527,
      -12.14688458,
        2.24742214,
        6.84980119],
   "fractional occupation": [
        2.00000000,
        2.00000000,
        2.00000000,
        2.00000000,
        0.00000000,
        0.00000000],
   "program call": "xtb gas --opt",
   "method": "GFN2-xTB",
   "xtb version": "6.7.1 (edcfbbe)"
}
