{
   "total energy":          -4.42624402,
   "HOMO-LUMO gap / eV":          12.23496722,
   "electronic energy":          -4.48243485,
   "dipole / a.u.": [     0.15573478,    -0.63775497,     0.24674303],
   "partial charges": [
       -0.42836426,
        0.14278855,
        0.14278813,
        0.14278758],
   "atomic dipole moments": [
   [     0.05596750,    -0.22920227,     0.08867689],
   [    -0.07612087,    -0.08098372,    -0.01681890],
   [     0.01707027,    -0.00887236,     0.11074977],
   [     0.09290860,    -0.04878988,    -0.04028982]],
   "atomic quadrupole moments": [
   [     0.02417023,     0.01718352,    -0.04200400,    -0.00664930,     0.02722594,     0.01783376],
   [     0.05781205,     0.08803902,    -0.01334022,     0.03149398,     0.03418608,    -0.04447183],
   [    -0.05020814,     0.00807962,    -0.07240679,     0.01858796,     0.02916562,     0.12261493],
   [     0.07699770,    -0.03597126,    -0.06127547,    -0.07335308,     0.03194475,    -0.01572223]],
   "number of molecular orbitals": 7,
   "number of electrons": 8,
   "number of unpaired electrons": 0,
   "orbital energies / eV": [
      -16.18623362,
      -13.63482686,
      -13.63480770,
      -10.50250612,
        1.73246110,
        5.85449137,
        5.85464961],
   "fractional occupation": [
        2.00000000,
        2.00000000,
        2.00000000,
        2.00000000,
        0.00000000,
        0.00000000,
        0.00000000],
   "program call": "xtb gas --opt",
   "method": "GFN2-xTB",
   "xtb version": "6.7.1 (edcfbbe)"
}
